Opportunita,Unnamed: 1
Data Lavorato Sussidio Solidarieta Erogato:,{iwsussididettaglio.date_solidarity}Â Â 
Data Lavorato Sussidio allo Studio 1:,{iwsussididettaglio.proc_date_study1}Â Â 
Data Lavorato Sussidio allo Studio 2:,{iwsussididettaglio.proc_date_study2}Â Â 
Quantita Sussidio Straordinario 1:,{iwsussididettaglio.aid_amt1}Â Â 
Quantita Sussidio Straordinario 2:,{iwsussididettaglio.aid_amt2}Â Â 
Quantita Sussidio Straordinario 3:,{iwsussididettaglio.aid_amt3}Â Â 
Quantita Sussidio Solidarieta Erogato:,{iwsussididettaglio.solid_aid}Â Â 
Quantita Sussidio allo Studio 1:,{iwsussididettaglio.study_aid1}Â Â 
Quantita Sussidio allo Studio 2:,{iwsussididettaglio.study_aid2}Â Â 
Email:,{iwsussididettaglio.email_t}Â Â 
Assistiti:,{iwsussididettaglio.assistiti_selected}Â Â 
Pagamento Calcolato:,{iwsussididettaglio.paymentcalculation}Â Â 
Richieste di Pagamento di Sussidi:,{iwsussididettaglio.richiestesussidi_relation}Â Â 
Iban per sussidi:,{iwsussididettaglio.iban_sussidi}Â Â 
Categoria Sussidi:,{iwsussididettaglio.sussidi_category}Â Â 
Importo Listino Struttura Sanitaria:,{iwsussididettaglio.import_sanitaria}Â Â 
Importo A Carico Assistito:,{iwsussididettaglio.import_assistito}Â Â 
Fda Enti:,{iwsussididettaglio.fda_enti_relation}Â Â 
Supplier Document Number:,{iwsussididettaglio.sup_doc_nr}Â Â 
Supplier Document Date:,{iwsussididettaglio.sup_doc_date}Â Â 
Supplier Document Amount:,{iwsussididettaglio.sup_doc_amount}Â Â 
Supplier Invoice Flag Accounted:,{iwsussididettaglio.sup_invoice_flag_acc}Â Â 
Prestazione:,{iwsussididettaglio.iwgaranzie_rel}Â Â 
Codice ICDM:,{iwsussididettaglio.icdm_code}Â Â 
Immagine del Codice a Barre:,{iwsussididettaglio.barcode_img}Â Â 
Stato di Liquidazione:,{iwsussididettaglio.liquidation_stat_dettaglio}Â Â 
Medico:,{iwsussididettaglio.medico}Â Â 
Asse: Tipo Fondi:,{iwsussididettaglio.bu_primary}Â Â 
Asse: CdC:,{iwsussididettaglio.cdc_sixth}Â Â 
Asse: Gruppo Accordi:,{iwsussididettaglio.cdc_second}Â Â 
Asse: Fondi:,{iwsussididettaglio.bu_second}Â Â 
Indice Statistico 1:,{iwsussididettaglio.indice_statistico_u}Â Â 
Indice Statistico 2:,{iwsussididettaglio.indice_statistico_d}Â Â 
Indice Statistico 3:,{iwsussididettaglio.indice_statistico_t}Â Â 
Indice Statistico 4:,{iwsussididettaglio.indice_statistico_f}Â Â 
Asse: Macro Area:,{iwsussididettaglio.asse_macro_area}Â Â 
Asse: Regione:,{iwsussididettaglio.asse_regione}Â Â 
Asse: Unita Operativa:,{iwsussididettaglio.asse_unita_operativa}Â Â 
Asse: Ente:,{iwsussididettaglio.asse_ente}Â Â 
Contatto:,{iwsussididettaglio.iwdipendenti_rel}Â Â 
Importo IVA:,{iwsussididettaglio.vat_amount}Â Â 
Importo Ritenuta Acconto:,{iwsussididettaglio.tax_amount}Â Â 
Importo Bollo:,{iwsussididettaglio.stmp_duty_amount}Â Â 
Moduli Relativi,
,
Con varie entita:,
Documenti:,{Documents}Â Â 
IndietroSu,
Prestazioni FdA Enti,
Prestazioni FdA Enti,
N. Prestazione:,{iwentifdagaranzia.iwentifdagaranziano}Â Â 
FdA:,{iwentifdagaranzia.idfda}Â Â 
Prestazione:,{iwentifdagaranzia.idga}Â Â 
Detraibilita:,{iwentifdagaranzia.deductibility}Â Â 
Massimale indiretta:,{iwentifdagaranzia.indirectmax}Â Â 
Franchigia indiretta:,{iwentifdagaranzia.indirect_franchise}Â Â 
Frequenza Presentazione Indiretta:,{iwentifdagaranzia.indirectcalc_percent}Â Â 
Frequenza indiretta:,{iwentifdagaranzia.indirect_freq}Â Â 
Conteggio Frequenza Indiretta:,{iwentifdagaranzia.indirectfreq_counting}Â Â 
N. Massimo Indiretta:,{iwentifdagaranzia.indirect_maxnum}Â Â 
Massimale diretta:,{iwentifdagaranzia.directmax}Â Â 
Franchigia diretta:,{iwentifdagaranzia.direct_franchise}Â Â 
Frequenza Presentazione Diretta:,{iwentifdagaranzia.directcalc_percent}Â Â 
Frequenza diretta:,{iwentifdagaranzia.directfreq}Â Â 
Conteggio Frequenza Diretta:,{iwentifdagaranzia.counting_directfreq}Â Â 
N. Massimo Diretta:,{iwentifdagaranzia.direct_maxnum}Â Â 
Importo rimborso socio:,{iwentifdagaranzia.member_refundamount}Â Â 
Importo rimborso famiglia:,{iwentifdagaranzia.family_refundamount}Â Â 
Assegnato aÂ :,{iwentifdagaranzia.assigned_user_id}Â Â 
Creato da:,{iwentifdagaranzia.created_user_id}Â Â 
Orario creazione:,{iwentifdagaranzia.createdtime}Â Â 
Orario modifica:,{iwentifdagaranzia.modifiedtime}Â Â 
Descrizione:,{iwentifdagaranzia.description}Â Â 
Ente:,{iwentifdagaranzia.iwentifda_relation}Â Â 
Vecchio Id:,{iwentifdagaranzia.oldid}Â Â 
Data fine validita:,{iwentifdagaranzia.data_finevalidita}Â Â 
Data inizio validita:,{iwentifdagaranzia.datainiziovalidita}Â Â 
Cd DRG:,{iwentifdagaranzia.drg_code}Â Â 
Cd ICDM:,{iwentifdagaranzia.icdm_code}Â Â 
Cd Interno:,{iwentifdagaranzia.internal_code}Â Â 
Indennizzio su Evento:,{iwentifdagaranzia.compensation_on_event}Â Â 
Visus:,{iwentifdagaranzia.visus}Â Â 
Extra Sanita:,{iwentifdagaranzia.extra_healthcare}Â Â 
Massimale e Franchigie da Gruppo 3:,{iwentifdagaranzia.max_deductibles}Â Â 
Somma Valori su FdA:,{iwentifdagaranzia.sum_values_fda}Â Â 
Fraziona Valori su FdA:,{iwentifdagaranzia.split_values_fda}Â Â 
Calcolata a Giorno:,{iwentifdagaranzia.calculated_day}Â Â 
Calcolata su base eta:,{iwentifdagaranzia.calculated_age}Â Â 
Tipologia Sussidi:,{iwentifdagaranzia.warranty_validfor}Â Â 
Tipologia Calcolo:,{iwentifdagaranzia.warranty_type}Â Â 
Limite Liquidazione automatica:,{iwentifdagaranzia.auto_liquidation_limit}Â Â 
Liquidazione Automatica:,{iwentifdagaranzia.auto_liquiditation}Â Â 
Limite Applicazione su base eta:,{iwentifdagaranzia.age_limit}Â Â 
Importo Totale Liquidato:,{iwentifdagaranzia.total_import}Â Â 
Percentuale Rimborso Famigliare Diretta:,{iwentifdagaranzia.direct_fam_remb}Â Â 
Importo Rimborso Socio Indiretta:,{iwentifdagaranzia.ind_member_remb}Â Â 
Percentuale Rimborso Socio Indiretta:,{iwentifdagaranzia.ind_member_remb_p}Â Â 
Importo Rimborso Famigliare Indiretta:,{iwentifdagaranzia.ind_fam_remb}Â Â 
Percentuale Rimborso Famigliare Indiretta:,{iwentifdagaranzia.ind_fam_remb_p}Â Â 
Importo Rimborso Socio Diretta:,{iwentifdagaranzia.direct_member_remb}Â Â 
Percentuale Rimborso Socio Diretta:,{iwentifdagaranzia.direct_member_remb_p}Â Â 
Importo Rimborso Famigliare Diretta:,{iwentifdagaranzia.direct_fam_remb_a}Â Â 
Importo Limite Sussidi:,{iwentifdagaranzia.subsidy_limit_amt}Â Â 
Importo Utilizzato Sussidi:,{iwentifdagaranzia.subsidy_used_amt}Â Â 
Periodo di Azzeramento Utilizzo Massimale:,{iwentifdagaranzia.maxusage_reset_period}Â Â 
Tipo di calcolo a Giorno:,{iwentifdagaranzia.day_calc_type}Â Â 
Natura:,{iwentifdagaranzia.natura}Â Â 
% Massimale Diretta:,{iwentifdagaranzia.directmax_p}Â Â 
% Franchigia Diretta:,{iwentifdagaranzia.direct_franchise_p}Â Â 
% Massimale Indiretta:,{iwentifdagaranzia.indirectmax_p}Â Â 
% Franchigia IndirettaÂ :,{iwentifdagaranzia.indirect_franchise_p}Â Â 
Importo Rimborso Socio Struttura Convenzionata:,{iwentifdagaranzia.member_remb_nps}Â Â 
Importo Rimborso Famigliare Struttura Convenzionata:,{iwentifdagaranzia.family_remb_nps}Â Â 
Importo Rimborso Socio Struttura Non Convenzionata:,{iwentifdagaranzia.amount_member_remb_nps}Â Â 
Importo Rimborso Famigliare Struttura Non Convenzionata:,{iwentifdagaranzia.amount_family_remb_nps}Â Â 
Sussidio Solidarieta:,{iwentifdagaranzia.solidarity_aid}Â Â 
Sussidio Straordinario 1:,{iwentifdagaranzia.extraordinary_aid_1}Â Â 
Sussidio Straordinario 2:,{iwentifdagaranzia.extraordinary_aid_2}Â Â 
Sussidio Straordinario 3:,{iwentifdagaranzia.extraordinary_aid_3}Â Â 
Sussidio allo Studio 1:,{iwentifdagaranzia.study_aid_1}Â Â 
Sussidio allo Studio 2:,{iwentifdagaranzia.study_aid_2}Â Â 
Giorni di Carenza:,{iwentifdagaranzia.shortage_days}Â Â 
Descrizione Prestazione:,{iwentifdagaranzia.desc_prestazione}Â Â 
Moduli Relativi,
,
Con varie entita:,
Documenti:,{Documents}Â Â 
IndietroSu,
Emessi (Dettagli Importati),
Emessi (Dettagli Importati),
Dettaglio Emessi Importati N.:,{iwemessidettaglioimportazione.iwemessidettaglioimportazioneno}Â Â 
Ente:,{iwemessidettaglioimportazione.idente}Â Â 
Assistito:,{iwemessidettaglioimportazione.iddi}Â Â 
Matricola Dipendente:,{iwemessidettaglioimportazione.employeeregistration}Â Â 
Emesso:,{iwemessidettaglioimportazione.issuedid}Â Â 
Progressivo Emesso:,{iwemessidettaglioimportazione.progressiveissuedid}Â Â 
Mutua:,{iwemessidettaglioimportazione.idmutua}Â Â 
Importo Emesso:,{iwemessidettaglioimportazione.issuedamount}Â Â 
Importo Incassato:,{iwemessidettaglioimportazione.amountcollected}Â Â 
Data Incasso:,{iwemessidettaglioimportazione.collectiondate}Â Â 
Riferimento Contabile Incasso:,{iwemessidettaglioimportazione.receiptaccountingreference}Â Â 
Importo Residuo:,{iwemessidettaglioimportazione.remainingamount}Â Â 
Numero Bollettino Postale:,{iwemessidettaglioimportazione.postalordernumber}Â Â 
Assegnato aÂ :,{iwemessidettaglioimportazione.assigned_user_id}Â Â 
Creato da:,{iwemessidettaglioimportazione.created_user_id}Â Â 
Orario creazione:,{iwemessidettaglioimportazione.createdtime}Â Â 
Orario modifica:,{iwemessidettaglioimportazione.modifiedtime}Â Â 
Descrizione:,{iwemessidettaglioimportazione.description}Â Â 
Vecchio Id:,{iwemessidettaglioimportazione.oldid}Â Â 
Moduli Relativi,
,
IndietroSu,
Prestazioni FdA Assistiti,
Prestazioni FdA Assistiti,
N. Prestazione:,{iwdipendentifdagaranzia.iwdipendentifdagaranziano}Â Â 
Prestazione:,{iwdipendentifdagaranzia.idga}Â Â 
Detraibilita:,{iwdipendentifdagaranzia.deductibility}Â Â 
Massimale indiretta:,{iwdipendentifdagaranzia.indirect_maximum}Â Â 
Franchigia Indiretta:,{iwdipendentifdagaranzia.indirect_franchise}Â Â 
Frequenza Presentazione Indiretta:,{iwdipendentifdagaranzia.indirectcalc_percentage}Â Â 
N. Massimo Indiretta:,{iwdipendentifdagaranzia.max_indirectnum}Â Â 
Massimale Diretta:,{iwdipendentifdagaranzia.direct_maximum}Â Â 
Franchigia Diretta:,{iwdipendentifdagaranzia.direct_franchise}Â Â 
Percentuale Rimborso Socio Diretta:,{iwdipendentifdagaranzia.directcalc_percentage}Â Â 
Frequenza Diretta:,{iwdipendentifdagaranzia.directfreq}Â Â 
Conteggio Frequenza Diretta:,{iwdipendentifdagaranzia.counting_directfreq}Â Â 
N. Massimo Diretta:,{iwdipendentifdagaranzia.directmax_num}Â Â 
Importo Rimborso Socio:,{iwdipendentifdagaranzia.member_reimbursement_amount}Â Â 
Importo Rimborso Famiglia:,{iwdipendentifdagaranzia.family_refundamount}Â Â 
Assegnato aÂ :,{iwdipendentifdagaranzia.assigned_user_id}Â Â 
Creato da:,{iwdipendentifdagaranzia.created_user_id}Â Â 
Orario creazione:,{iwdipendentifdagaranzia.createdtime}Â Â 
Orario modifica:,{iwdipendentifdagaranzia.modifiedtime}Â Â 
Descrizione:,{iwdipendentifdagaranzia.description}Â Â 
FdA Assistito:,{iwdipendentifdagaranzia.iddifda}Â Â 
Vecchio Id:,{iwdipendentifdagaranzia.oldid}Â Â 
Data fine validita:,{iwdipendentifdagaranzia.datafine_validita}Â Â 
Data inizio validita:,{iwdipendentifdagaranzia.datainiziovalidita}Â Â 
Cd DRG:,{iwdipendentifdagaranzia.drg_code}Â Â 
Cd ICDM:,{iwdipendentifdagaranzia.icdm_code}Â Â 
Cd Interno:,{iwdipendentifdagaranzia.internal_code}Â Â 
Indennizzio su Evento:,{iwdipendentifdagaranzia.compensation_on_event}Â Â 
Visus:,{iwdipendentifdagaranzia.visus}Â Â 
Extra Sanita:,{iwdipendentifdagaranzia.extra_healthcare}Â Â 
Massimale e Franchigie da Gruppo 3:,{iwdipendentifdagaranzia.max_deductibles}Â Â 
Somma Valori su FdA:,{iwdipendentifdagaranzia.sum_values_fda}Â Â 
Fraziona Valori su FdA:,{iwdipendentifdagaranzia.split_values_fda}Â Â 
Calcolata a Giorno:,{iwdipendentifdagaranzia.calculated_day}Â Â 
Calcolata su base eta:,{iwdipendentifdagaranzia.calculated_age}Â Â 
Tipologia Sussidi:,{iwdipendentifdagaranzia.warranty_validfor}Â Â 
Tipologia di Calcolo:,{iwdipendentifdagaranzia.warranty_type}Â Â 
Limite Liquidazione automatica:,{iwdipendentifdagaranzia.auto_liquidation_limit}Â Â 
Limite Applicazione su base eta:,{iwdipendentifdagaranzia.age_limit}Â Â 
Importo totale Liquidato:,{iwdipendentifdagaranzia.total_import}Â Â 
Percentuale Rimborso Famigliare Diretta:,{iwdipendentifdagaranzia.direct_fam_remb}Â Â 
Importo Rimborso Socio Indiretta:,{iwdipendentifdagaranzia.ind_member_remb}Â Â 
Percentuale Rimborso Socio Indiretta:,{iwdipendentifdagaranzia.ind_member_remb_p}Â Â 
Importo Rimborso Famigliare Indiretta:,{iwdipendentifdagaranzia.ind_fam_remb}Â Â 
Percentuale Rimborso Famigliare Indiretta:,{iwdipendentifdagaranzia.ind_fam_remb_p}Â Â 
Importo Rimborso Socio Diretta:,{iwdipendentifdagaranzia.direct_member_remb}Â Â 
Frequenza Presentazione Diretta:,{iwdipendentifdagaranzia.direct_member_remb_p}Â Â 
Importo Rimborso Famigliare Diretta:,{iwdipendentifdagaranzia.direct_fam_remb_a}Â Â 
Importo Limite Sussidi:,{iwdipendentifdagaranzia.subsidy_limit_amt}Â Â 
Importo Utilizzato Sussidi:,{iwdipendentifdagaranzia.subsidy_used_amt}Â Â 
Periodo di Azzeramento Utilizzo Massimale:,{iwdipendentifdagaranzia.maxusage_reset_period}Â Â 
Frequenza Indiretta:,{iwdipendentifdagaranzia.indirect_freq}Â Â 
Conteggio Frequenza Indiretta:,{iwdipendentifdagaranzia.indirectfreq_counting}Â Â 
Ultimo Stato Richiesta:,{iwdipendentifdagaranzia.stato}Â Â 
Data Ultima Richiesta:,{iwdipendentifdagaranzia.last_requested_date}Â Â 
Tipo di calcolo a Giorno:,{iwdipendentifdagaranzia.day_calc_type}Â Â 
% Massimale Diretta:,{iwdipendentifdagaranzia.directmax_p}Â Â 
% Franchigia Diretta:,{iwdipendentifdagaranzia.direct_franchise_p}Â Â 
% Massimale Indiretta:,{iwdipendentifdagaranzia.indirectmax_p}Â Â 
% Franchigia IndirettaÂ :,{iwdipendentifdagaranzia.indirect_franchise_p}Â Â 
Importo Rimborso Socio Struttura Convenzionata:,{iwdipendentifdagaranzia.member_remb_nps}Â Â 
Importo Rimborso Famigliare Struttura Convenzionata:,{iwdipendentifdagaranzia.family_remb_nps}Â Â 
Importo Rimborso Socio Struttura Non Convenzionata:,{iwdipendentifdagaranzia.amount_member_remb_nps}Â Â 
Importo Rimborso Famigliare Struttura Non Convenzionata:,{iwdipendentifdagaranzia.amount_family_remb_nps}Â Â 
Natura:,{iwdipendentifdagaranzia.natura}Â Â 
Sussidio Solidarieta:,{iwdipendentifdagaranzia.solidarity_aid}Â Â 
Sussidio Straordinario 1:,{iwdipendentifdagaranzia.extraordinary_aid_1}Â Â 
Sussidio Straordinario 2:,{iwdipendentifdagaranzia.extraordinary_aid_2}Â Â 
Sussidio Straordinario 3:,{iwdipendentifdagaranzia.extraordinary_aid_3}Â Â 
Sussidio allo Studio 1:,{iwdipendentifdagaranzia.study_aid_1}Â Â 
Sussidio allo Studio 2:,{iwdipendentifdagaranzia.study_aid_2}Â Â 
Giorni di Carenza:,{iwdipendentifdagaranzia.shortage_days}Â Â 
Assistiti:,{iwdipendentifdagaranzia.assistiti_selected}Â Â 
Assistito:,{iwdipendentifdagaranzia.iwdipendenti_relation}Â Â 
Liquidazione Automatica:,{iwdipendentifdagaranzia.automatic_liquiditation}Â Â 
Descrizione Prestazione:,{iwdipendentifdagaranzia.desc_prestazione}Â Â 
Moduli Relativi,
,
Con varie entita:,
Documenti:,{Documents}Â Â 
IndietroSu,
FdA Assistiti (Coperture),
FdA Assistiti (Coperture),
N. Copertura:,{iwdipendentifdacoperture.iwdipendentifdacopertureno}Â Â 
FdA Assistito:,{iwdipendentifdacoperture.iddifda}Â Â 
Ente:,{iwdipendentifdacoperture.idente}Â Â 
Assistito:,{iwdipendentifdacoperture.iddi}Â Â 
Matricola Assistito:,{iwdipendentifdacoperture.employee_registration}Â Â 
Accordo:,{iwdipendentifdacoperture.idagreement}Â Â 
FdA:,{iwdipendentifdacoperture.idfda}Â Â 
Cd. Contabile:,{iwdipendentifdacoperture.accountantid}Â Â 
Gennaio:,{iwdipendentifdacoperture.january}Â Â 
Febbraio:,{iwdipendentifdacoperture.february}Â Â 
Marzo:,{iwdipendentifdacoperture.march}Â Â 
Aprile:,{iwdipendentifdacoperture.april}Â Â 
Maggio:,{iwdipendentifdacoperture.may}Â Â 
Giugno:,{iwdipendentifdacoperture.june}Â Â 
Luglio:,{iwdipendentifdacoperture.july}Â Â 
Agosto:,{iwdipendentifdacoperture.august}Â Â 
Settembre:,{iwdipendentifdacoperture.september}Â Â 
Ottobre:,{iwdipendentifdacoperture.october}Â Â 
Novembre:,{iwdipendentifdacoperture.november}Â Â 
Dicembre:,{iwdipendentifdacoperture.december}Â Â 
N. Mesi Copertura:,{iwdipendentifdacoperture.months_coverage}Â Â 
Assegnato aÂ :,{iwdipendentifdacoperture.assigned_user_id}Â Â 
Creato da:,{iwdipendentifdacoperture.created_user_id}Â Â 
Orario creazione:,{iwdipendentifdacoperture.createdtime}Â Â 
Orario modifica:,{iwdipendentifdacoperture.modifiedtime}Â Â 
Descrizione:,{iwdipendentifdacoperture.description}Â Â 
StatoÂ :,{iwdipendentifdacoperture.set_status_}Â Â 
Asse: Tipo Fondi:,{iwdipendentifdacoperture.bu_primary}Â Â 
Asse: Gruppo Accordi:,{iwdipendentifdacoperture.cdc_second}Â Â 
Asse: Ente:,{iwdipendentifdacoperture.cdc_fourth}Â Â 
Asse: CdC:,{iwdipendentifdacoperture.cdc_sixth}Â Â 
Asse: Macroarea:,{iwdipendentifdacoperture.cdc_primary}Â Â 
Asse: Fondi:,{iwdipendentifdacoperture.bu_second}Â Â 
Asse: Unita Operativa:,{iwdipendentifdacoperture.cdc_third}Â Â 
Asse: Regione:,{iwdipendentifdacoperture.cdc_fifth}Â Â 
Vecchio Id:,{iwdipendentifdacoperture.oldid}Â Â 
Moduli Relativi,
,
IndietroSu,
Tasks,
Tasks,
Tasks no:,{cbTasks.tasksno}Â Â 
Title:,{cbTasks.title}Â Â 
Due Date:,{cbTasks.due_date}Â Â 
Priority:,{cbTasks.priority}Â Â 
Done:,{cbTasks.taskstatus}Â Â 
Assigned To:,{cbTasks.assigned_user_id}Â Â 
Created By:,{cbTasks.created_user_id}Â Â 
Created Time:,{cbTasks.createdtime}Â Â 
Modified Time:,{cbTasks.modifiedtime}Â Â 
Description:,{cbTasks.description}Â Â 
Status:,{cbTasks.statustype}Â Â 
Moduli Relativi,
,
IndietroSu,
Richieste di Pagamento,
Richieste di Pagamento,
Richieste di Pagamento no:,{cbPaymentRequest.cbpaymentrequestno}Â Â 
Importo:,{cbPaymentRequest.import_payment}Â Â 
Importo Incassato:,{cbPaymentRequest.importpayment_incassato}Â Â 
Importo Residuo:,{cbPaymentRequest.importpayment_residuo}Â Â 
Scadenza:,{cbPaymentRequest.date_scadence}Â Â 
Ritardo:,{cbPaymentRequest.ritardo_cb}Â Â 
Data Incasso:,{cbPaymentRequest.incasso_date}Â Â 
Riferimento Contabile Incasso:,{cbPaymentRequest.acc_reference}Â Â 
Data Primo Soillecito:,{cbPaymentRequest.fn_date}Â Â 
Data Secondo Soillecito:,{cbPaymentRequest.sn_date}Â Â 
Assigned To:,{cbPaymentRequest.assigned_user_id}Â Â 
Created By:,{cbPaymentRequest.created_user_id}Â Â 
Created Time:,{cbPaymentRequest.createdtime}Â Â 
Modified Time:,{cbPaymentRequest.modifiedtime}Â Â 
Data richiesta Pagamento:,{cbPaymentRequest.paymentreq_date}Â Â 
Description:,{cbPaymentRequest.description}Â Â 
Codice pagamento:,{cbPaymentRequest.idpayment}Â Â 
Numero Bollettino Postale:,{cbPaymentRequest.postal_number}Â Â 
Data Contabile:,{cbPaymentRequest.accounting_date}Â Â 
Data Riferimento Contabile Incasso:,{cbPaymentRequest.incasso_accounting_date}Â Â 
Riferimento Contabile:,{cbPaymentRequest.accounting_reference}Â Â 
E-mail Soggetto:,{cbPaymentRequest.emailsoggeto}Â Â 
Email inviato:,{cbPaymentRequest.emailsent}Â Â 
Flusso Postalizzatore generato:,{cbPaymentRequest.postasent}Â Â 
Soggetto Intestatatario Ente:,{cbPaymentRequest.holder_ente}Â Â 
Soggetto Intestatatario Assistito:,{cbPaymentRequest.holder_assistito}Â Â 
Vecchio Id:,{cbPaymentRequest.oldid}Â Â 
Data di Competenza:,{cbPaymentRequest.competence_date}Â Â 
Tipo di competenzaÂ :,{cbPaymentRequest.type_ente_assistito}Â Â 
Immagine del Codice a Barre:,{cbPaymentRequest.barcode_img}Â Â 
Stato RDP:,{cbPaymentRequest.stateissued}Â Â 
Moduli Relativi,
,
Con varie entita:,
iwEmessi:,{iwEmessi}Â Â 
Documenti:,{Documents}Â Â 
IndietroSu,
Assistiti (Dettaglio Coperture),
Assistiti (Dettaglio Coperture),
N. Dettaglio:,{iwDipendentiDetails.iwdipendentidetailsno}Â Â 
Assegnato aÂ :,{iwDipendentiDetails.assigned_user_id}Â Â 
Creato da:,{iwDipendentiDetails.created_user_id}Â Â 
Orario creazione:,{iwDipendentiDetails.createdtime}Â Â 
Orario modifica:,{iwDipendentiDetails.modifiedtime}Â Â 
Descrizione:,{iwDipendentiDetails.description}Â Â 
Assistito:,{iwDipendentiDetails.assisted}Â Â 
Ente:,{iwDipendentiDetails.iwenti_relation}Â Â 
Data di Inizio:,{iwDipendentiDetails.start_date}Â Â 
Data di Fine:,{iwDipendentiDetails.end_date}Â Â 
Numero di giorni:,{iwDipendentiDetails.number_of_days}Â Â 
Moduli Relativi,
,
IndietroSu,
Editore Configurazione,
Editore Configurazione,
Title:,{ConfigEditor.title}Â Â 
Config Editor No:,{ConfigEditor.configeditor_no}Â Â 
Assigned To:,{ConfigEditor.assigned_user_id}Â Â 
Category:,{ConfigEditor.category}Â Â 
Access:,{ConfigEditor.access}Â Â 
Path:,{ConfigEditor.path}Â Â 
Abbreviation:,{ConfigEditor.abbreviation}Â Â 
Icon:,{ConfigEditor.icon}Â Â 
Created By:,{ConfigEditor.created_user_id}Â Â 
Created Time:,{ConfigEditor.createdtime}Â Â 
Modified Time:,{ConfigEditor.modifiedtime}Â Â 
Description:,{ConfigEditor.description}Â Â 
Moduli Relativi,
,
IndietroSu,
Prestazioni Listino Testata,
Prestazioni Listino Testata,
Prestazione Listino Testata no:,{iwGaranzieListinoTestata.iwgaranzielistinotestatano}Â Â 
Assegnato aÂ :,{iwGaranzieListinoTestata.assigned_user_id}Â Â 
Creato da:,{iwGaranzieListinoTestata.created_user_id}Â Â 
Orario creazione:,{iwGaranzieListinoTestata.createdtime}Â Â 
Orario modifica:,{iwGaranzieListinoTestata.modifiedtime}Â Â 
Descrizione:,{iwGaranzieListinoTestata.description}Â Â 
Nome Listino:,{iwGaranzieListinoTestata.nomelistino_garanzie}Â Â 
Struttura sanitaria:,{iwGaranzieListinoTestata.struttura_sanitaria}Â Â 
Firmatario Struttura Sanitaria:,{iwGaranzieListinoTestata.firmatariostruttura_sanitaria}Â Â 
Firmatario Mutua:,{iwGaranzieListinoTestata.firmatario_mutua_ganzie}Â Â 
Data Inizio Validita:,{iwGaranzieListinoTestata.datainizio_validita}Â Â 
Data Fine Validita:,{iwGaranzieListinoTestata.datafine_validita}Â Â 
Tacito Rinnovo:,{iwGaranzieListinoTestata.tacitorinnovo_garanzie}Â Â 
Stato:,{iwGaranzieListinoTestata.stato_garanzielistino}Â Â 
Data Stato:,{iwGaranzieListinoTestata.datastato_garanzie}Â Â 
Note Stato:,{iwGaranzieListinoTestata.notestato_garanzie}Â Â 
Moduli Relativi,
,
Con varie entita:,
iwGaranzieListino:,{iwGaranzieListino}Â Â 
IndietroSu,
Accordo Convenzioni,
Accordo Convenzioni,
Accordo Convenzioni no:,{iwAccordoConvenzioni.iwaccordoconvenzionino}Â Â 
Assigned To:,{iwAccordoConvenzioni.assigned_user_id}Â Â 
Created By:,{iwAccordoConvenzioni.created_user_id}Â Â 
Created Time:,{iwAccordoConvenzioni.createdtime}Â Â 
Modified Time:,{iwAccordoConvenzioni.modifiedtime}Â Â 
Description:,{iwAccordoConvenzioni.description}Â Â 
Codice Accordo:,{iwAccordoConvenzioni.codicea_ccordo}Â Â 
Codice Listino Testata:,{iwAccordoConvenzioni.codicelistinotestata_acc}Â Â 
Moduli Relativi,
,
IndietroSu,
Richieste di Pagamento di Sussidi,
Richieste di Pagamento di Sussidi,
Richieste di Pagamento di Sussidi no:,{PaymentRequestSussidi.paymentrequestsussidino}Â Â 
Data Richiesta Pagamento:,{PaymentRequestSussidi.paymentreq_date}Â Â 
Assegnato aÂ :,{PaymentRequestSussidi.assigned_user_id}Â Â 
Creato da:,{PaymentRequestSussidi.created_user_id}Â Â 
Orario creazione:,{PaymentRequestSussidi.createdtime}Â Â 
Orario modifica:,{PaymentRequestSussidi.modifiedtime}Â Â 
Descrizione:,{PaymentRequestSussidi.description}Â Â 
Data Scadenza:,{PaymentRequestSussidi.date_scadence}Â Â 
Soggetto Intestatatario Assistito:,{PaymentRequestSussidi.iwdipendenti_relation}Â Â 
Soggetto Intestatatario Ente:,{PaymentRequestSussidi.iwenti_relation}Â Â 
Codice pagamento:,{PaymentRequestSussidi.idpayment}Â Â 
Email inviato:,{PaymentRequestSussidi.emailsent}Â Â 
E-mail Soggetto:,{PaymentRequestSussidi.emailsoggeto}Â Â 
Importo:,{PaymentRequestSussidi.import_payment}Â Â 
Importo Incassato:,{PaymentRequestSussidi.importpayment_incassato}Â Â 
Importo Residuo:,{PaymentRequestSussidi.importpayment_residuo}Â Â 
Riferimento Contabile:,{PaymentRequestSussidi.accounting_reference}Â Â 
Data Contabile:,{PaymentRequestSussidi.accounting_date}Â Â 
Vecchio Id:,{PaymentRequestSussidi.oldid}Â Â 
Asse: Tipo Fondi:,{PaymentRequestSussidi.bu_primary}Â Â 
Asse: Macroarea:,{PaymentRequestSussidi.cdc_primary}Â Â 
Asse: Unita Operativa:,{PaymentRequestSussidi.cdc_third}Â Â 
Asse: CdC:,{PaymentRequestSussidi.cdc_sixth}Â Â 
Asse: Gruppo Accordi:,{PaymentRequestSussidi.cdc_second}Â Â 
Asse: Ente:,{PaymentRequestSussidi.cdc_fourth}Â Â 
Asse: Regione:,{PaymentRequestSussidi.cdc_fifth}Â Â 
Asse: Fondi:,{PaymentRequestSussidi.bu_second}Â Â 
Indice Statistico 1:,{PaymentRequestSussidi.indice_statistico_u}Â Â 
Indice Statistico 2:,{PaymentRequestSussidi.indice_statistico_d}Â Â 
Indice Statistico 3:,{PaymentRequestSussidi.indice_statistico_t}Â Â 
Indice Statistico 4:,{PaymentRequestSussidi.indice_statistico_f}Â Â 
Moduli Relativi,
,
IndietroSu,
MDI,
MDI,
Title:,{MDI.title}Â Â 
Folder Name:,{MDI.folderid}Â Â 
Duplicates:,{MDI.duplicates}Â Â 
BM Folder name:,{MDI.bmfoldername}Â Â 
BM Relation:,{MDI.bmrelation}Â Â 
Assigned To:,{MDI.assigned_user_id}Â Â 
Created By:,{MDI.created_user_id}Â Â 
Created Time:,{MDI.createdtime}Â Â 
Modified Time:,{MDI.modifiedtime}Â Â 
Description:,{MDI.description}Â Â 
Moduli Relativi,
,
IndietroSu,
Portal Login Informations,
Portal Login Informations,
Portal Login Informations_no:,{PortalLoginInformations.portallogininformationsno}Â Â 
Contact:,{PortalLoginInformations.contactname}Â Â 
IP:,{PortalLoginInformations.contactip}Â Â 
Session Name:,{PortalLoginInformations.sessionname}Â Â 
Sign In Time:,{PortalLoginInformations.actiontime}Â Â 
Status:,{PortalLoginInformations.status}Â Â 
Assigned To:,{PortalLoginInformations.assigned_user_id}Â Â 
Created By:,{PortalLoginInformations.created_user_id}Â Â 
Created Time:,{PortalLoginInformations.createdtime}Â Â 
Modified Time:,{PortalLoginInformations.modifiedtime}Â Â 
Description:,{PortalLoginInformations.description}Â Â 
Moduli Relativi,
,
IndietroSu,
MemberOf,
Nome Azienda:,{MemberOf.accountname}Â Â 
Nr. Azienda:,{MemberOf.account_no}Â Â 
Telefono:,{MemberOf.phone}Â Â 
Sito Web:,{MemberOf.website}Â Â 
Fax:,{MemberOf.fax}Â Â 
Simbolo Ticker:,{MemberOf.tickersymbol}Â Â 
Altro Telefono:,{MemberOf.otherphone}Â Â 
Membro di:,{MemberOf.account_id}Â Â 
Email:,{MemberOf.email1}Â Â 
Impiegati:,{MemberOf.employees}Â Â 
Altra Email:,{MemberOf.email2}Â Â 
Proprieta:,{MemberOf.ownership}Â Â 
Valutazione:,{MemberOf.rating}Â Â 
Industria:,{MemberOf.industry}Â Â 
Codice SIC:,{MemberOf.siccode}Â Â 
Tipo:,{MemberOf.accounttype}Â Â 
Fatturato Annuo:,{MemberOf.annual_revenue}Â Â 
Blocca Email:,{MemberOf.emailoptout}Â Â 
Notifica Proprietario:,{MemberOf.notify_owner}Â Â 
Assegnato a:,{MemberOf.assigned_user_id}Â Â 
Data Creazione:,{MemberOf.createdtime}Â Â 
Data Modifica:,{MemberOf.modifiedtime}Â Â 
Last Modified By:,{MemberOf.modifiedby}Â Â 
Indirizzo (Fatturazione):,{MemberOf.bill_street}Â Â 
Indirizzo (Spedizione):,{MemberOf.ship_street}Â Â 
CittÃ¡ (Fatturazione):,{MemberOf.bill_city}Â Â 
CittÃ¡ (Spedizione):,{MemberOf.ship_city}Â Â 
Provincia (Fatturazione):,{MemberOf.bill_state}Â Â 
Provincia (Spedizione):,{MemberOf.ship_state}Â Â 
Codice (Fatturazione):,{MemberOf.bill_code}Â Â 
Codice (Spedizione):,{MemberOf.ship_code}Â Â 
Paese (Fatturazione):,{MemberOf.bill_country}Â Â 
Paese (Spedizione):,{MemberOf.ship_country}Â Â 
BOX (fatturazione):,{MemberOf.bill_pobox}Â Â 
BOX (spedizione):,{MemberOf.ship_pobox}Â Â 
Descrizione:,{MemberOf.description}Â Â 
Stato:,{MemberOf.campaignrelstatus}Â Â 
Viene convertito da Lead:,{MemberOf.isconvertedfromlead}Â Â 
Convertito da Lead:,{MemberOf.convertedfromlead}Â Â 
Creato da:,{MemberOf.created_user_id}Â Â 
Vecchio Id:,{MemberOf.oldid}Â Â 
IndietroÂ |Â Su,
RelatedTo,
Contacts,
Formula di saluto:,{RelatedTo.salutationtype}Â Â 
Nome:,{RelatedTo.firstname}Â Â 
Nr. Contatto:,{RelatedTo.contact_no}Â Â 
Telefono Ufficio:,{RelatedTo.phone}Â Â 
Cognome:,{RelatedTo.lastname}Â Â 
Cellulare:,{RelatedTo.mobile}Â Â 
Nome Azienda:,{RelatedTo.account_id}Â Â 
Telefono Casa:,{RelatedTo.homephone}Â Â 
Fonte Lead:,{RelatedTo.leadsource}Â Â 
Other Phone:,{RelatedTo.otherphone}Â Â 
Titolo:,{RelatedTo.title}Â Â 
Fax:,{RelatedTo.fax}Â Â 
Dipartimento:,{RelatedTo.department}Â Â 
Compleanno:,{RelatedTo.birthday}Â Â 
Email:,{RelatedTo.email}Â Â 
Riporta a:,{RelatedTo.contact_id}Â Â 
Assistente:,{RelatedTo.assistant}Â Â 
Email Secondaria:,{RelatedTo.secondaryemail}Â Â 
Telefono Assistente:,{RelatedTo.assistantphone}Â Â 
Non Chiamare:,{RelatedTo.donotcall}Â Â 
Blocca Email:,{RelatedTo.emailoptout}Â Â 
Assegnato a:,{RelatedTo.assigned_user_id}Â Â 
Riferimento:,{RelatedTo.reference}Â Â 
Notifica al Proprietario:,{RelatedTo.notify_owner}Â Â 
Orario creazione:,{RelatedTo.createdtime}Â Â 
Orario modifica:,{RelatedTo.modifiedtime}Â Â 
Ultima Modifica Di:,{RelatedTo.modifiedby}Â Â 
Utente Portale:,{RelatedTo.portal}Â Â 
Data Inizio Supporto:,{RelatedTo.support_start_date}Â Â 
Data Fine Supporto:,{RelatedTo.support_end_date}Â Â 
Via (spedizione):,{RelatedTo.mailingstreet}Â Â 
Altra Via:,{RelatedTo.otherstreet}Â Â 
Citta (spedizione):,{RelatedTo.mailingcity}Â Â 
Altra Citta:,{RelatedTo.othercity}Â Â 
Provincia (spedizione):,{RelatedTo.mailingstate}Â Â 
Altra Provincia:,{RelatedTo.otherstate}Â Â 
CAP (spedizione):,{RelatedTo.mailingzip}Â Â 
Altro CAP:,{RelatedTo.otherzip}Â Â 
Paese (spedizione):,{RelatedTo.mailingcountry}Â Â 
Altro Paese:,{RelatedTo.othercountry}Â Â 
BOX (spedizione):,{RelatedTo.mailingpobox}Â Â 
Altro BOX (spedizione):,{RelatedTo.otherpobox}Â Â 
Immagine Contatto:,{RelatedTo.imagename}Â Â 
Descrizione:,{RelatedTo.description}Â Â 
Status:,{RelatedTo.campaignrelstatus}Â Â 
Viene Convertito da Lead?:,{RelatedTo.isconvertedfromlead}Â Â 
Convertito da Lead:,{RelatedTo.convertedfromlead}Â Â 
Creato Da:,{RelatedTo.created_user_id}Â Â 
Linguaggio Modello:,{RelatedTo.template_language}Â Â 
Codifica Password:,{RelatedTo.portalpasswordtype}Â Â 
Utente Accesso Portale:,{RelatedTo.portalloginuser}Â Â 
Vecchio Id:,{RelatedTo.oldid}Â Â 
Accounts,
Nome Azienda:,{RelatedTo.accountname}Â Â 
Nr. Azienda:,{RelatedTo.account_no}Â Â 
Telefono:,{RelatedTo.phone}Â Â 
Sito Web:,{RelatedTo.website}Â Â 
Fax:,{RelatedTo.fax}Â Â 
Simbolo Ticker:,{RelatedTo.tickersymbol}Â Â 
Altro Telefono:,{RelatedTo.otherphone}Â Â 
Membro di:,{RelatedTo.account_id}Â Â 
Email:,{RelatedTo.email1}Â Â 
Impiegati:,{RelatedTo.employees}Â Â 
Altra Email:,{RelatedTo.email2}Â Â 
Proprieta:,{RelatedTo.ownership}Â Â 
Valutazione:,{RelatedTo.rating}Â Â 
Industria:,{RelatedTo.industry}Â Â 
Codice SIC:,{RelatedTo.siccode}Â Â 
Tipo:,{RelatedTo.accounttype}Â Â 
Fatturato Annuo:,{RelatedTo.annual_revenue}Â Â 
Blocca Email:,{RelatedTo.emailoptout}Â Â 
Notifica Proprietario:,{RelatedTo.notify_owner}Â Â 
Assegnato a:,{RelatedTo.assigned_user_id}Â Â 
Data Creazione:,{RelatedTo.createdtime}Â Â 
Data Modifica:,{RelatedTo.modifiedtime}Â Â 
Last Modified By:,{RelatedTo.modifiedby}Â Â 
Indirizzo (Fatturazione):,{RelatedTo.bill_street}Â Â 
Indirizzo (Spedizione):,{RelatedTo.ship_street}Â Â 
CittÃ¡ (Fatturazione):,{RelatedTo.bill_city}Â Â 
CittÃ¡ (Spedizione):,{RelatedTo.ship_city}Â Â 
Provincia (Fatturazione):,{RelatedTo.bill_state}Â Â 
Provincia (Spedizione):,{RelatedTo.ship_state}Â Â 
Codice (Fatturazione):,{RelatedTo.bill_code}Â Â 
Codice (Spedizione):,{RelatedTo.ship_code}Â Â 
Paese (Fatturazione):,{RelatedTo.bill_country}Â Â 
Paese (Spedizione):,{RelatedTo.ship_country}Â Â 
BOX (fatturazione):,{RelatedTo.bill_pobox}Â Â 
BOX (spedizione):,{RelatedTo.ship_pobox}Â Â 
Descrizione:,{RelatedTo.description}Â Â 
Stato:,{RelatedTo.campaignrelstatus}Â Â 
Viene convertito da Lead:,{RelatedTo.isconvertedfromlead}Â Â 
Convertito da Lead:,{RelatedTo.convertedfromlead}Â Â 
Creato da:,{RelatedTo.created_user_id}Â Â 
Vecchio Id:,{RelatedTo.oldid}Â Â 
IndietroÂ |Â Su,
Product,
Services,
Nome Servizio:,{Product.servicename}Â Â 
Nr. Servizio:,{Product.service_no}Â Â 
Attivo:,{Product.discontinued}Â Â 
Data Inizio Vendita:,{Product.sales_start_date}Â Â 
Data Fine Vendita:,{Product.sales_end_date}Â Â 
Data Inizio Supporto:,{Product.start_date}Â Â 
Data Fine Supporto:,{Product.expiry_date}Â Â 
Sito Web:,{Product.website}Â Â 
Periodo Creazione:,{Product.createdtime}Â Â 
Periodo Modifica:,{Product.modifiedtime}Â Â 
Ultima Modifica di:,{Product.modifiedby}Â Â 
Unita di Misura:,{Product.service_usageunit}Â Â 
N. di Unita:,{Product.qty_per_unit}Â Â 
Proprietario:,{Product.assigned_user_id}Â Â 
Categoria:,{Product.servicecategory}Â Â 
Prezzo:,{Product.unit_price}Â Â 
Tipologia Tassa:,{Product.taxclass}Â Â 
Tasso Commissione (%):,{Product.commissionrate}Â Â 
Descrizione:,{Product.description}Â Â 
Costo Prezzo:,{Product.cost_price}Â Â 
Divisibile:,{Product.divisible}Â Â 
Creato da:,{Product.created_user_id}Â Â 
Products,
Nome Prodotto:,{Product.productname}Â Â 
Nr. Prodotto:,{Product.product_no}Â Â 
Numero di serie:,{Product.productcode}Â Â 
Prodotto Attivo:,{Product.discontinued}Â Â 
Produttore:,{Product.manufacturer}Â Â 
Categoria Prodotto:,{Product.productcategory}Â Â 
Data Inizio Vendite:,{Product.sales_start_date}Â Â 
Data Fine Vendite:,{Product.sales_end_date}Â Â 
Data Inizio Supporto:,{Product.start_date}Â Â 
Data Termine Supporto:,{Product.expiry_date}Â Â 
Sito Web:,{Product.website}Â Â 
Nome Fornitore:,{Product.vendor_id}Â Â 
Numero di Serie Produttore:,{Product.mfr_part_no}Â Â 
Numero di Serie Fornitore:,{Product.vendor_part_no}Â Â 
Numero di Serie:,{Product.serial_no}Â Â 
Specifiche Prodotto:,{Product.productsheet}Â Â 
Codice Contabile:,{Product.glacct}Â Â 
Orario creazione:,{Product.createdtime}Â Â 
Orario modifica:,{Product.modifiedtime}Â Â 
Ultima Modifica di:,{Product.modifiedby}Â Â 
Prezzo Unitario:,{Product.unit_price}Â Â 
Tasso commissione (%):,{Product.commissionrate}Â Â 
Classe di Tasse:,{Product.taxclass}Â Â 
Unita Utilizzo:,{Product.usageunit}Â Â 
Quantita/Unita:,{Product.qty_per_unit}Â Â 
Quantita in Stock:,{Product.qtyinstock}Â Â 
Livello Riordino:,{Product.reorderlevel}Â Â 
Responsabile:,{Product.assigned_user_id}Â Â 
Quantita in richiesta:,{Product.qtyindemand}Â Â 
Immagine Prodotto:,{Product.imagename}Â Â 
Descrizione:,{Product.description}Â Â 
Costo Prezzo:,{Product.cost_price}Â Â 
Divisible:,{Product.divisible}Â Â 
Creato da:,{Product.created_user_id}Â Â 
IndietroÂ |Â Su,
MCRelatedTo,
Project,
Nome Progetto:,{MCRelatedTo.projectname}Â Â 
Data di Inizio:,{MCRelatedTo.startdate}Â Â 
Data di Fine Prevista:,{MCRelatedTo.targetenddate}Â Â 
Data di Fine Effettiva:,{MCRelatedTo.actualenddate}Â Â 
Status:,{MCRelatedTo.projectstatus}Â Â 
Tipo:,{MCRelatedTo.projecttype}Â Â 
Related to:,{MCRelatedTo.linktoaccountscontacts}Â Â 
Assegnato a:,{MCRelatedTo.assigned_user_id}Â Â 
Nr Progetto:,{MCRelatedTo.project_no}Â Â 
Bilancio:,{MCRelatedTo.targetbudget}Â Â 
Url del Progetto:,{MCRelatedTo.projecturl}Â Â 
Priorita:,{MCRelatedTo.projectpriority}Â Â 
Progresso:,{MCRelatedTo.progress}Â Â 
Tempo Creato:,{MCRelatedTo.createdtime}Â Â 
Tempo Modificato:,{MCRelatedTo.modifiedtime}Â Â 
Ultima Modifica di:,{MCRelatedTo.modifiedby}Â Â 
Descrizione:,{MCRelatedTo.description}Â Â 
E-mail:,{MCRelatedTo.email}Â Â 
Creato da:,{MCRelatedTo.created_user_id}Â Â 
Contacts,
Formula di saluto:,{MCRelatedTo.salutationtype}Â Â 
Nome:,{MCRelatedTo.firstname}Â Â 
Nr. Contatto:,{MCRelatedTo.contact_no}Â Â 
Telefono Ufficio:,{MCRelatedTo.phone}Â Â 
Cognome:,{MCRelatedTo.lastname}Â Â 
Cellulare:,{MCRelatedTo.mobile}Â Â 
Nome Azienda:,{MCRelatedTo.account_id}Â Â 
Telefono Casa:,{MCRelatedTo.homephone}Â Â 
Fonte Lead:,{MCRelatedTo.leadsource}Â Â 
Other Phone:,{MCRelatedTo.otherphone}Â Â 
Titolo:,{MCRelatedTo.title}Â Â 
Fax:,{MCRelatedTo.fax}Â Â 
Dipartimento:,{MCRelatedTo.department}Â Â 
Compleanno:,{MCRelatedTo.birthday}Â Â 
Email:,{MCRelatedTo.email}Â Â 
Riporta a:,{MCRelatedTo.contact_id}Â Â 
Assistente:,{MCRelatedTo.assistant}Â Â 
Email Secondaria:,{MCRelatedTo.secondaryemail}Â Â 
Telefono Assistente:,{MCRelatedTo.assistantphone}Â Â 
Non Chiamare:,{MCRelatedTo.donotcall}Â Â 
Blocca Email:,{MCRelatedTo.emailoptout}Â Â 
Assegnato a:,{MCRelatedTo.assigned_user_id}Â Â 
Riferimento:,{MCRelatedTo.reference}Â Â 
Notifica al Proprietario:,{MCRelatedTo.notify_owner}Â Â 
Orario creazione:,{MCRelatedTo.createdtime}Â Â 
Orario modifica:,{MCRelatedTo.modifiedtime}Â Â 
Ultima Modifica Di:,{MCRelatedTo.modifiedby}Â Â 
Utente Portale:,{MCRelatedTo.portal}Â Â 
Data Inizio Supporto:,{MCRelatedTo.support_start_date}Â Â 
Data Fine Supporto:,{MCRelatedTo.support_end_date}Â Â 
Via (spedizione):,{MCRelatedTo.mailingstreet}Â Â 
Altra Via:,{MCRelatedTo.otherstreet}Â Â 
Citta (spedizione):,{MCRelatedTo.mailingcity}Â Â 
Altra Citta:,{MCRelatedTo.othercity}Â Â 
Provincia (spedizione):,{MCRelatedTo.mailingstate}Â Â 
Altra Provincia:,{MCRelatedTo.otherstate}Â Â 
CAP (spedizione):,{MCRelatedTo.mailingzip}Â Â 
Altro CAP:,{MCRelatedTo.otherzip}Â Â 
Paese (spedizione):,{MCRelatedTo.mailingcountry}Â Â 
Altro Paese:,{MCRelatedTo.othercountry}Â Â 
BOX (spedizione):,{MCRelatedTo.mailingpobox}Â Â 
Altro BOX (spedizione):,{MCRelatedTo.otherpobox}Â Â 
Immagine Contatto:,{MCRelatedTo.imagename}Â Â 
Descrizione:,{MCRelatedTo.description}Â Â 
Status:,{MCRelatedTo.campaignrelstatus}Â Â 
Viene Convertito da Lead?:,{MCRelatedTo.isconvertedfromlead}Â Â 
Convertito da Lead:,{MCRelatedTo.convertedfromlead}Â Â 
Creato Da:,{MCRelatedTo.created_user_id}Â Â 
Linguaggio Modello:,{MCRelatedTo.template_language}Â Â 
Codifica Password:,{MCRelatedTo.portalpasswordtype}Â Â 
Utente Accesso Portale:,{MCRelatedTo.portalloginuser}Â Â 
Vecchio Id:,{MCRelatedTo.oldid}Â Â 
Potentials,
Nome Opportunita:,{MCRelatedTo.potentialname}Â Â 
Nr. Opportunita:,{MCRelatedTo.potential_no}Â Â 
Ammontare:,{MCRelatedTo.amount}Â Â 
Collegato a:,{MCRelatedTo.related_to}Â Â 
Data di chiusura attesa:,{MCRelatedTo.closingdate}Â Â 
Tipo:,{MCRelatedTo.opportunity_type}Â Â 
Prossimo Step:,{MCRelatedTo.nextstep}Â Â 
Fonte Lead:,{MCRelatedTo.leadsource}Â Â 
Stadio di vendita:,{MCRelatedTo.sales_stage}Â Â 
Assegnato a:,{MCRelatedTo.assigned_user_id}Â Â 
Probabilita (%):,{MCRelatedTo.probability}Â Â 
Fonte Campagna:,{MCRelatedTo.campaignid}Â Â 
Orario creazione:,{MCRelatedTo.createdtime}Â Â 
Orario modifica:,{MCRelatedTo.modifiedtime}Â Â 
Ultima Modifica di:,{MCRelatedTo.modifiedby}Â Â 
Descrizione:,{MCRelatedTo.description}Â Â 
Forecast Amount:,{MCRelatedTo.forecast_amount}Â Â 
Email:,{MCRelatedTo.email}Â Â 
Viene convertito da Lead:,{MCRelatedTo.isconvertedfromlead}Â Â 
Convertito da Lead:,{MCRelatedTo.convertedfromlead}Â Â 
Creato da:,{MCRelatedTo.created_user_id}Â Â 
ProjectTask,
Nome Operazione:,{MCRelatedTo.projecttaskname}Â Â 
Tipo:,{MCRelatedTo.projecttasktype}Â Â 
Priorita:,{MCRelatedTo.projecttaskpriority}Â Â 
Progetto:,{MCRelatedTo.projectid}Â Â 
Assegnata a:,{MCRelatedTo.assigned_user_id}Â Â 
Codice Operazione:,{MCRelatedTo.projecttasknumber}Â Â 
Numero Operazione:,{MCRelatedTo.projecttask_no}Â Â 
Progresso:,{MCRelatedTo.projecttaskprogress}Â Â 
Ore lavorate:,{MCRelatedTo.projecttaskhours}Â Â 
Data inizio:,{MCRelatedTo.startdate}Â Â 
Data Fine:,{MCRelatedTo.enddate}Â Â 
Tempo Creato:,{MCRelatedTo.createdtime}Â Â 
Tempo modificato:,{MCRelatedTo.modifiedtime}Â Â 
Ultima Modifica di:,{MCRelatedTo.modifiedby}Â Â 
Descrizione:,{MCRelatedTo.description}Â Â 
E-Mail:,{MCRelatedTo.email}Â Â 
Status:,{MCRelatedTo.projecttaskstatus}Â Â 
Creato da:,{MCRelatedTo.created_user_id}Â Â 
Leads,
Formula saluti:,{MCRelatedTo.salutationtype}Â Â 
Nome:,{MCRelatedTo.firstname}Â Â 
Nr. Lead:,{MCRelatedTo.lead_no}Â Â 
Telefono:,{MCRelatedTo.phone}Â Â 
Cognome:,{MCRelatedTo.lastname}Â Â 
Cellulare:,{MCRelatedTo.mobile}Â Â 
Societa:,{MCRelatedTo.company}Â Â 
Fax:,{MCRelatedTo.fax}Â Â 
Designazione:,{MCRelatedTo.designation}Â Â 
Email:,{MCRelatedTo.email}Â Â 
Fonte Lead:,{MCRelatedTo.leadsource}Â Â 
Sito Web:,{MCRelatedTo.website}Â Â 
Settore:,{MCRelatedTo.industry}Â Â 
Stato Lead:,{MCRelatedTo.leadstatus}Â Â 
Fatturato:,{MCRelatedTo.annualrevenue}Â Â 
Valutazione:,{MCRelatedTo.rating}Â Â 
Numero Impiegati:,{MCRelatedTo.noofemployees}Â Â 
Assegnato a:,{MCRelatedTo.assigned_user_id}Â Â 
Mail Secondaria:,{MCRelatedTo.secondaryemail}Â Â 
Periodo Creato:,{MCRelatedTo.createdtime}Â Â 
Periodo Modificato:,{MCRelatedTo.modifiedtime}Â Â 
Ultima Modifica di:,{MCRelatedTo.modifiedby}Â Â 
Via:,{MCRelatedTo.lane}Â Â 
CAP:,{MCRelatedTo.code}Â Â 
Citta:,{MCRelatedTo.city}Â Â 
Stato:,{MCRelatedTo.country}Â Â 
Provincia:,{MCRelatedTo.state}Â Â 
BOX:,{MCRelatedTo.pobox}Â Â 
Descrizione:,{MCRelatedTo.description}Â Â 
Status:,{MCRelatedTo.campaignrelstatus}Â Â 
Fuori Opt Email:,{MCRelatedTo.emailoptout}Â Â 
Creato da:,{MCRelatedTo.created_user_id}Â Â 
Accounts,
Nome Azienda:,{MCRelatedTo.accountname}Â Â 
Nr. Azienda:,{MCRelatedTo.account_no}Â Â 
Telefono:,{MCRelatedTo.phone}Â Â 
Sito Web:,{MCRelatedTo.website}Â Â 
Fax:,{MCRelatedTo.fax}Â Â 
Simbolo Ticker:,{MCRelatedTo.tickersymbol}Â Â 
Altro Telefono:,{MCRelatedTo.otherphone}Â Â 
Membro di:,{MCRelatedTo.account_id}Â Â 
Email:,{MCRelatedTo.email1}Â Â 
Impiegati:,{MCRelatedTo.employees}Â Â 
Altra Email:,{MCRelatedTo.email2}Â Â 
Proprieta:,{MCRelatedTo.ownership}Â Â 
Valutazione:,{MCRelatedTo.rating}Â Â 
Industria:,{MCRelatedTo.industry}Â Â 
Codice SIC:,{MCRelatedTo.siccode}Â Â 
Tipo:,{MCRelatedTo.accounttype}Â Â 
Fatturato Annuo:,{MCRelatedTo.annual_revenue}Â Â 
Blocca Email:,{MCRelatedTo.emailoptout}Â Â 
Notifica Proprietario:,{MCRelatedTo.notify_owner}Â Â 
Assegnato a:,{MCRelatedTo.assigned_user_id}Â Â 
Data Creazione:,{MCRelatedTo.createdtime}Â Â 
Data Modifica:,{MCRelatedTo.modifiedtime}Â Â 
Last Modified By:,{MCRelatedTo.modifiedby}Â Â 
Indirizzo (Fatturazione):,{MCRelatedTo.bill_street}Â Â 
Indirizzo (Spedizione):,{MCRelatedTo.ship_street}Â Â 
CittÃ¡ (Fatturazione):,{MCRelatedTo.bill_city}Â Â 
CittÃ¡ (Spedizione):,{MCRelatedTo.ship_city}Â Â 
Provincia (Fatturazione):,{MCRelatedTo.bill_state}Â Â 
Provincia (Spedizione):,{MCRelatedTo.ship_state}Â Â 
Codice (Fatturazione):,{MCRelatedTo.bill_code}Â Â 
Codice (Spedizione):,{MCRelatedTo.ship_code}Â Â 
Paese (Fatturazione):,{MCRelatedTo.bill_country}Â Â 
Paese (Spedizione):,{MCRelatedTo.ship_country}Â Â 
BOX (fatturazione):,{MCRelatedTo.bill_pobox}Â Â 
BOX (spedizione):,{MCRelatedTo.ship_pobox}Â Â 
Descrizione:,{MCRelatedTo.description}Â Â 
Stato:,{MCRelatedTo.campaignrelstatus}Â Â 
Viene convertito da Lead:,{MCRelatedTo.isconvertedfromlead}Â Â 
Convertito da Lead:,{MCRelatedTo.convertedfromlead}Â Â 
Creato da:,{MCRelatedTo.created_user_id}Â Â 
Vecchio Id:,{MCRelatedTo.oldid}Â Â 
IndietroÂ |Â Su,
TCRelatedTo,
SalesOrder,
Nr. Ordine di Vendita:,{TCRelatedTo.salesorder_no}Â Â 
Soggetto:,{TCRelatedTo.subject}Â Â 
Nome Opportunita e tomba;:,{TCRelatedTo.potential_id}Â Â 
Numero cliente:,{TCRelatedTo.customerno}Â Â 
Nome Preventivo:,{TCRelatedTo.quote_id}Â Â 
Ordine di acquisto:,{TCRelatedTo.vtiger_purchaseorder}Â Â 
Nome Contatto:,{TCRelatedTo.contact_id}Â Â 
Data chiusura:,{TCRelatedTo.duedate}Â Â 
Trasportatore:,{TCRelatedTo.carrier}Â Â 
Pendente:,{TCRelatedTo.pending}Â Â 
Stato:,{TCRelatedTo.sostatus}Â Â 
Arrotondamento:,{TCRelatedTo.txtAdjustment}Â Â 
Commissione Vendita:,{TCRelatedTo.salescommission}Â Â 
Imposta Fabbricazione:,{TCRelatedTo.exciseduty}Â Â 
Totale:,{TCRelatedTo.hdnGrandTotal}Â Â 
Sub totale:,{TCRelatedTo.hdnSubTotal}Â Â 
Tipo Tassa:,{TCRelatedTo.hdnTaxType}Â Â 
Sconto Percentuale:,{TCRelatedTo.hdnDiscountPercent}Â Â 
Ammontare Sconto:,{TCRelatedTo.hdnDiscountAmount}Â Â 
S&H Amount:,{TCRelatedTo.hdnS_H_Amount}Â Â 
Nome Azienda:,{TCRelatedTo.account_id}Â Â 
Assegnato a:,{TCRelatedTo.assigned_user_id}Â Â 
Orario creazione:,{TCRelatedTo.createdtime}Â Â 
Orario modifica:,{TCRelatedTo.modifiedtime}Â Â 
Ultima Modifica di:,{TCRelatedTo.modifiedby}Â Â 
Valuta:,{TCRelatedTo.currency_id}Â Â 
Tasso Conversione:,{TCRelatedTo.conversion_rate}Â Â 
Indirizzo (fatturazione):,{TCRelatedTo.bill_street}Â Â 
Indirizzo (spedizione):,{TCRelatedTo.ship_street}Â Â 
Citta (fatturazione):,{TCRelatedTo.bill_city}Â Â 
Citta (spedizione):,{TCRelatedTo.ship_city}Â Â 
Provincia (fatturazione):,{TCRelatedTo.bill_state}Â Â 
Provincia (spedizione):,{TCRelatedTo.ship_state}Â Â 
Codice (fatturazione):,{TCRelatedTo.bill_code}Â Â 
Codice (spedizione):,{TCRelatedTo.ship_code}Â Â 
Stato (fatturazione):,{TCRelatedTo.bill_country}Â Â 
Stato (spedizione):,{TCRelatedTo.ship_country}Â Â 
BOX (fatturazione):,{TCRelatedTo.bill_pobox}Â Â 
BOX (fatturazione):,{TCRelatedTo.ship_pobox}Â Â 
Descrizione:,{TCRelatedTo.description}Â Â 
Terms & Conditions:,{TCRelatedTo.terms_conditions}Â Â 
Abilita Periodicita:,{TCRelatedTo.enable_recurring}Â Â 
Frequenza:,{TCRelatedTo.recurring_frequency}Â Â 
Periodo Inizio:,{TCRelatedTo.start_period}Â Â 
Periodo Fine:,{TCRelatedTo.end_period}Â Â 
Durata Pagamento:,{TCRelatedTo.payment_duration}Â Â 
Stato Fattura:,{TCRelatedTo.invoicestatus}Â Â 
Creato da:,{TCRelatedTo.created_user_id}Â Â 
Termini e Condizioni:,{TCRelatedTo.tandc}Â Â 
Totale Lordo:,{TCRelatedTo.pl_gross_total}Â Â 
Sconto Linea:,{TCRelatedTo.pl_dto_line}Â Â 
Sconto Globale:,{TCRelatedTo.pl_dto_global}Â Â 
Sconto Totale:,{TCRelatedTo.pl_dto_total}Â Â 
Net Totale (aGD):,{TCRelatedTo.pl_net_total}Â Â 
SH Total:,{TCRelatedTo.pl_sh_total}Â Â 
SH Imposta:,{TCRelatedTo.pl_sh_tax}Â Â 
Adeguamento Finale:,{TCRelatedTo.pl_adjustment}Â Â 
Somma Totale:,{TCRelatedTo.pl_grand_total}Â Â 
Net Totale (bGD):,{TCRelatedTo.sum_nettotal}Â Â 
VAT:,{TCRelatedTo.sum_tax1}Â Â 
Vendite:,{TCRelatedTo.sum_tax2}Â Â 
Servizio:,{TCRelatedTo.sum_tax3}Â Â 
Imposta Totale:,{TCRelatedTo.sum_taxtotal}Â Â 
Ritenzione Imposta Totale:,{TCRelatedTo.sum_taxtotalretention}Â Â 
Fatturata:,{TCRelatedTo.invoiced}Â Â 
HelpDesk,
Nr. Ticket:,{TCRelatedTo.ticket_no}Â Â 
Assegnato a:,{TCRelatedTo.assigned_user_id}Â Â 
Collegato a:,{TCRelatedTo.parent_id}Â Â 
Priorita:,{TCRelatedTo.ticketpriorities}Â Â 
Nome Prodotto:,{TCRelatedTo.product_id}Â Â 
Importanza:,{TCRelatedTo.ticketseverities}Â Â 
Stato:,{TCRelatedTo.ticketstatus}Â Â 
Categoria:,{TCRelatedTo.ticketcategories}Â Â 
Storico Aggiornamenti:,{TCRelatedTo.update_log}Â Â 
Ore:,{TCRelatedTo.hours}Â Â 
Giorni:,{TCRelatedTo.days}Â Â 
Orario Creazione:,{TCRelatedTo.createdtime}Â Â 
Orario Modifica:,{TCRelatedTo.modifiedtime}Â Â 
Dal Portale:,{TCRelatedTo.from_portal}Â Â 
Ultima Modifica di:,{TCRelatedTo.modifiedby}Â Â 
Titolo:,{TCRelatedTo.ticket_title}Â Â 
Descrizione:,{TCRelatedTo.description}Â Â 
Soluzione:,{TCRelatedTo.solution}Â Â 
Aggiungi commento:,{TCRelatedTo.comments}Â Â 
Email:,{TCRelatedTo.email}Â Â 
Dal Convertitore Mail:,{TCRelatedTo.from_mailscanner}Â Â 
Commento Aggiunto:,{TCRelatedTo.commentadded}Â Â 
Creato da:,{TCRelatedTo.created_user_id}Â Â 
ProjectMilestone,
Nome Scadenza:,{TCRelatedTo.projectmilestonename}Â Â 
Data Scadenza:,{TCRelatedTo.projectmilestonedate}Â Â 
Progetto Relativo:,{TCRelatedTo.projectid}Â Â 
Tipo:,{TCRelatedTo.projectmilestonetype}Â Â 
Assegnata a:,{TCRelatedTo.assigned_user_id}Â Â 
Numero Scadenza:,{TCRelatedTo.projectmilestone_no}Â Â 
Tempo Creato:,{TCRelatedTo.createdtime}Â Â 
Tempo Modificato:,{TCRelatedTo.modifiedtime}Â Â 
Ultima Modifica di:,{TCRelatedTo.modifiedby}Â Â 
Descrizione:,{TCRelatedTo.description}Â Â 
Creato da:,{TCRelatedTo.created_user_id}Â Â 
Assets,
Numero Installazione:,{TCRelatedTo.asset_no}Â Â 
Prodotto:,{TCRelatedTo.product}Â Â 
Numero di Serie:,{TCRelatedTo.serialnumber}Â Â 
Data di vendita:,{TCRelatedTo.datesold}Â Â 
Data a Servizio:,{TCRelatedTo.dateinservice}Â Â 
Stato:,{TCRelatedTo.assetstatus}Â Â 
Numero Tag:,{TCRelatedTo.tagnumber}Â Â 
Fattura:,{TCRelatedTo.invoiceid}Â Â 
Metodo di Spedizione:,{TCRelatedTo.shippingmethod}Â Â 
Numero di Spedizione:,{TCRelatedTo.shippingtrackingnumber}Â Â 
Assegnato a:,{TCRelatedTo.assigned_user_id}Â Â 
Nome Installazione:,{TCRelatedTo.assetname}Â Â 
Nome del cliente:,{TCRelatedTo.account}Â Â 
Tempo Creato:,{TCRelatedTo.createdtime}Â Â 
Tempo Modificato:,{TCRelatedTo.modifiedtime}Â Â 
Ultima Modifica Di:,{TCRelatedTo.modifiedby}Â Â 
Nota:,{TCRelatedTo.description}Â Â 
Creato Da:,{TCRelatedTo.created_user_id}Â Â 
Accounts,
Nome Azienda:,{TCRelatedTo.accountname}Â Â 
Nr. Azienda:,{TCRelatedTo.account_no}Â Â 
Telefono:,{TCRelatedTo.phone}Â Â 
Sito Web:,{TCRelatedTo.website}Â Â 
Fax:,{TCRelatedTo.fax}Â Â 
Simbolo Ticker:,{TCRelatedTo.tickersymbol}Â Â 
Altro Telefono:,{TCRelatedTo.otherphone}Â Â 
Membro di:,{TCRelatedTo.account_id}Â Â 
Email:,{TCRelatedTo.email1}Â Â 
Impiegati:,{TCRelatedTo.employees}Â Â 
Altra Email:,{TCRelatedTo.email2}Â Â 
Proprieta:,{TCRelatedTo.ownership}Â Â 
Valutazione:,{TCRelatedTo.rating}Â Â 
Industria:,{TCRelatedTo.industry}Â Â 
Codice SIC:,{TCRelatedTo.siccode}Â Â 
Tipo:,{TCRelatedTo.accounttype}Â Â 
Fatturato Annuo:,{TCRelatedTo.annual_revenue}Â Â 
Blocca Email:,{TCRelatedTo.emailoptout}Â Â 
Notifica Proprietario:,{TCRelatedTo.notify_owner}Â Â 
Assegnato a:,{TCRelatedTo.assigned_user_id}Â Â 
Data Creazione:,{TCRelatedTo.createdtime}Â Â 
Data Modifica:,{TCRelatedTo.modifiedtime}Â Â 
Last Modified By:,{TCRelatedTo.modifiedby}Â Â 
Indirizzo (Fatturazione):,{TCRelatedTo.bill_street}Â Â 
Indirizzo (Spedizione):,{TCRelatedTo.ship_street}Â Â 
CittÃ¡ (Fatturazione):,{TCRelatedTo.bill_city}Â Â 
CittÃ¡ (Spedizione):,{TCRelatedTo.ship_city}Â Â 
Provincia (Fatturazione):,{TCRelatedTo.bill_state}Â Â 
Provincia (Spedizione):,{TCRelatedTo.ship_state}Â Â 
Codice (Fatturazione):,{TCRelatedTo.bill_code}Â Â 
Codice (Spedizione):,{TCRelatedTo.ship_code}Â Â 
Paese (Fatturazione):,{TCRelatedTo.bill_country}Â Â 
Paese (Spedizione):,{TCRelatedTo.ship_country}Â Â 
BOX (fatturazione):,{TCRelatedTo.bill_pobox}Â Â 
BOX (spedizione):,{TCRelatedTo.ship_pobox}Â Â 
Descrizione:,{TCRelatedTo.description}Â Â 
Stato:,{TCRelatedTo.campaignrelstatus}Â Â 
Viene convertito da Lead:,{TCRelatedTo.isconvertedfromlead}Â Â 
Convertito da Lead:,{TCRelatedTo.convertedfromlead}Â Â 
Creato da:,{TCRelatedTo.created_user_id}Â Â 
Vecchio Id:,{TCRelatedTo.oldid}Â Â 
Vendors,
Nome Fornitore:,{TCRelatedTo.vendorname}Â Â 
Nr. Fornitore:,{TCRelatedTo.vendor_no}Â Â 
Telefono:,{TCRelatedTo.phone}Â Â 
Email:,{TCRelatedTo.email}Â Â 
Sito Web:,{TCRelatedTo.website}Â Â 
Codice Contabile:,{TCRelatedTo.glacct}Â Â 
Categoria:,{TCRelatedTo.category}Â Â 
Orario creazione:,{TCRelatedTo.createdtime}Â Â 
Orario modifica:,{TCRelatedTo.modifiedtime}Â Â 
Ultima Modifica di:,{TCRelatedTo.modifiedby}Â Â 
Via:,{TCRelatedTo.street}Â Â 
BOX:,{TCRelatedTo.pobox}Â Â 
Citta:,{TCRelatedTo.city}Â Â 
Provincia:,{TCRelatedTo.state}Â Â 
CAP:,{TCRelatedTo.postalcode}Â Â 
Stato:,{TCRelatedTo.country}Â Â 
Descrizione:,{TCRelatedTo.description}Â Â 
Assegnato a:,{TCRelatedTo.assigned_user_id}Â Â 
Creato da:,{TCRelatedTo.created_user_id}Â Â 
Potentials,
Nome Opportunita:,{TCRelatedTo.potentialname}Â Â 
Nr. Opportunita:,{TCRelatedTo.potential_no}Â Â 
Ammontare:,{TCRelatedTo.amount}Â Â 
Collegato a:,{TCRelatedTo.related_to}Â Â 
Data di chiusura attesa:,{TCRelatedTo.closingdate}Â Â 
Tipo:,{TCRelatedTo.opportunity_type}Â Â 
Prossimo Step:,{TCRelatedTo.nextstep}Â Â 
Fonte Lead:,{TCRelatedTo.leadsource}Â Â 
Stadio di vendita:,{TCRelatedTo.sales_stage}Â Â 
Assegnato a:,{TCRelatedTo.assigned_user_id}Â Â 
Probabilita (%):,{TCRelatedTo.probability}Â Â 
Fonte Campagna:,{TCRelatedTo.campaignid}Â Â 
Orario creazione:,{TCRelatedTo.createdtime}Â Â 
Orario modifica:,{TCRelatedTo.modifiedtime}Â Â 
Ultima Modifica di:,{TCRelatedTo.modifiedby}Â Â 
Descrizione:,{TCRelatedTo.description}Â Â 
Forecast Amount:,{TCRelatedTo.forecast_amount}Â Â 
Email:,{TCRelatedTo.email}Â Â 
Viene convertito da Lead:,{TCRelatedTo.isconvertedfromlead}Â Â 
Convertito da Lead:,{TCRelatedTo.convertedfromlead}Â Â 
Creato da:,{TCRelatedTo.created_user_id}Â Â 
PurchaseOrder,
Nr. Ordine di Acquisto:,{TCRelatedTo.purchaseorder_no}Â Â 
Soggetto:,{TCRelatedTo.subject}Â Â 
Nome Fornitore:,{TCRelatedTo.vendor_id}Â Â 
Numero Richiesta:,{TCRelatedTo.requisition_no}Â Â 
Numero Tracciamento:,{TCRelatedTo.tracking_no}Â Â 
Nome Contatto:,{TCRelatedTo.contact_id}Â Â 
Data chiusura:,{TCRelatedTo.duedate}Â Â 
Trasportatore:,{TCRelatedTo.carrier}Â Â 
Arrotondamento:,{TCRelatedTo.txtAdjustment}Â Â 
Commissioni Vendita:,{TCRelatedTo.salescommission}Â Â 
Imposta di fabbricazione:,{TCRelatedTo.exciseduty}Â Â 
Totale:,{TCRelatedTo.hdnGrandTotal}Â Â 
Sub totale:,{TCRelatedTo.hdnSubTotal}Â Â 
Tipo Tassa:,{TCRelatedTo.hdnTaxType}Â Â 
Sconto Percentuale:,{TCRelatedTo.hdnDiscountPercent}Â Â 
Ammontare Sconto:,{TCRelatedTo.hdnDiscountAmount}Â Â 
S&H Amount:,{TCRelatedTo.hdnS_H_Amount}Â Â 
Stato:,{TCRelatedTo.postatus}Â Â 
Assegnato a:,{TCRelatedTo.assigned_user_id}Â Â 
Orario creazione:,{TCRelatedTo.createdtime}Â Â 
Orario modifica:,{TCRelatedTo.modifiedtime}Â Â 
Ultima Modifica di:,{TCRelatedTo.modifiedby}Â Â 
Valuta:,{TCRelatedTo.currency_id}Â Â 
Tasso Conversione:,{TCRelatedTo.conversion_rate}Â Â 
Indirizzo Fatturazione:,{TCRelatedTo.bill_street}Â Â 
Indirizzo Spedizione:,{TCRelatedTo.ship_street}Â Â 
Citta (fatturazione):,{TCRelatedTo.bill_city}Â Â 
Citta (spedizione):,{TCRelatedTo.ship_city}Â Â 
Provincia (fatturazione):,{TCRelatedTo.bill_state}Â Â 
Provincia (spedizione):,{TCRelatedTo.ship_state}Â Â 
Codice (fatturazione):,{TCRelatedTo.bill_code}Â Â 
Codice (spedizione):,{TCRelatedTo.ship_code}Â Â 
Stato (fatturazione):,{TCRelatedTo.bill_country}Â Â 
Stato (spedizione):,{TCRelatedTo.ship_country}Â Â 
BOX (fatturazione):,{TCRelatedTo.bill_pobox}Â Â 
BOX (spedizione):,{TCRelatedTo.ship_pobox}Â Â 
Descrizione:,{TCRelatedTo.description}Â Â 
Terms & Conditions:,{TCRelatedTo.terms_conditions}Â Â 
Creato da:,{TCRelatedTo.created_user_id}Â Â 
Termini e Condizioni:,{TCRelatedTo.tandc}Â Â 
Totale Lordo:,{TCRelatedTo.pl_gross_total}Â Â 
Sconto Linea:,{TCRelatedTo.pl_dto_line}Â Â 
Sconto Globale:,{TCRelatedTo.pl_dto_global}Â Â 
Sconto Totale:,{TCRelatedTo.pl_dto_total}Â Â 
Net Totale (aGD):,{TCRelatedTo.pl_net_total}Â Â 
SH Totale:,{TCRelatedTo.pl_sh_total}Â Â 
SH Imposta:,{TCRelatedTo.pl_sh_tax}Â Â 
Adeguamento Finale:,{TCRelatedTo.pl_adjustment}Â Â 
Somma Totale:,{TCRelatedTo.pl_grand_total}Â Â 
Net Totale (bGD):,{TCRelatedTo.sum_nettotal}Â Â 
VAT:,{TCRelatedTo.sum_tax1}Â Â 
Vendite:,{TCRelatedTo.sum_tax2}Â Â 
Servizio:,{TCRelatedTo.sum_tax3}Â Â 
Imposta totale:,{TCRelatedTo.sum_taxtotal}Â Â 
Ritenzione Tassare Totale:,{TCRelatedTo.sum_taxtotalretention}Â Â 
Quotes,
Nr. Preventivo:,{TCRelatedTo.quote_no}Â Â 
Soggetto:,{TCRelatedTo.subject}Â Â 
Nome Opportunita:,{TCRelatedTo.potential_id}Â Â 
Stadio Preventivo:,{TCRelatedTo.quotestage}Â Â 
Valido fino a:,{TCRelatedTo.validtill}Â Â 
Nome Contatto:,{TCRelatedTo.contact_id}Â Â 
Trasportatore:,{TCRelatedTo.carrier}Â Â 
Sub totale:,{TCRelatedTo.hdnSubTotal}Â Â 
Spedizione:,{TCRelatedTo.shipping}Â Â 
Responsabile inventario:,{TCRelatedTo.assigned_user_id1}Â Â 
Arrotondamento:,{TCRelatedTo.txtAdjustment}Â Â 
Totale:,{TCRelatedTo.hdnGrandTotal}Â Â 
